TESTACC,TS-CHIEF,HIVE-COTE v1.0,ROCKET,InceptionTime,STC,ResNet,ProximityForest,WEASEL,S-BOSS,cBOSS,BOSS,RISE,TSF,Catch22,Nasz – max,Nasz – avg,Nasz,Nasz,Nasz,Nasz,Nasz
ACSF1,0.807,0.85,0.807,0.826666666666666,0.838333333333333,0.824,0.638333333333333,0.818,0.815,0.757333333333333,0.768333333333333,0.76,0.635,0.777666666666667,0.52173912525177,0.339130434393883,0.347826093435287,0.260869562625885,0.173913046717644,0.391304343938828,0.52173912525177
Adiac,0.779710144927536,0.796248934356351,0.771952259164535,0.822080136402387,0.793179880647911,0.815430520034101,0.722165387894288,0.798806479113385,0.742710997442455,0.746291560102302,0.749019607843137,0.757971014492753,0.711935208866155,0.684654731457801,0.432291656732559,0.401041662693024,0.369791656732559,0.411458343267441,0.40625,0.385416656732559,0.432291656732559
ArrowHead,0.881142857142857,0.876,0.859047619047619,0.880380952380952,0.806666666666666,0.858666666666666,0.883619047619048,0.848380952380952,0.887809523809524,0.877904761904762,0.868761904761905,0.828190476190476,0.796761904761905,0.750285714285714,0.727272748947144,0.587878793478012,0.636363625526428,0.666666686534882,0.727272748947144,0.575757563114166,0.333333343267441
Beef,0.632222222222222,0.735555555555556,0.76,0.682222222222222,0.735555555555555,0.676666666666667,0.594444444444444,0.74,0.655555555555555,0.571111111111111,0.612222222222222,0.742222222222222,0.688888888888889,0.473333333333333,0.75,0.45,0.125,0.625,0.25,0.75,0.5
BeetleFly,0.958333333333333,0.963333333333333,0.885,0.893333333333333,0.933333333333333,0.853333333333333,0.86,0.886666666666666,0.936666666666667,0.975,0.943333333333333,0.871666666666667,0.833333333333333,0.84,0.800000011920929,0.48000001013279,0.200000002980232,0.400000005960465,0.400000005960465,0.600000023841858,0.800000011920929
BirdChicken,0.963333333333333,0.94,0.881666666666666,0.951666666666667,0.87,0.945,0.903333333333333,0.865,0.968333333333333,0.976666666666667,0.983333333333333,0.868333333333333,0.815,0.893333333333333,0.800000011920929,0.800000011920929,0.800000011920929,0.800000011920929,0.800000011920929,0.800000011920929,0.800000011920929
BME,0.996444444444444,0.982222222222222,0.997333333333333,0.996444444444444,0.929777777777778,0.999111111111111,0.999111111111111,0.947777777777778,0.865111111111111,0.784666666666667,0.865777777777778,0.786,0.962444444444445,0.904888888888889,0.976744174957275,0.916279065608978,0.883720934391022,0.883720934391022,0.976744174957275,0.953488349914551,0.883720934391022
Car,0.878888888888889,0.868888888888889,0.911666666666667,0.901111111111111,0.858333333333333,0.908333333333334,0.805555555555556,0.834444444444445,0.859444444444444,0.843333333333333,0.848333333333333,0.753333333333334,0.766111111111111,0.746111111111111,0.607142865657806,0.571428573131561,0.535714268684387,0.607142865657806,0.607142865657806,0.607142865657806,0.5
CBF,0.998444444444444,0.998259259259259,0.995925925925926,0.996111111111111,0.985296296296296,0.988222222222222,0.993629629629629,0.979777777777777,0.999074074074074,0.99837037037037,0.998925925925926,0.949037037037037,0.971851851851852,0.953666666666667,1,0.988646280765533,0.978165924549103,1,0.991266369819641,0.986899554729462,0.986899554729462
Chinatown,0.96183574879227,0.962779397473275,0.966861030126336,0.964820213799806,0.962973760932944,0.970144927536232,0.948019323671497,0.957337220602527,0.87910592808552,0.947632850241546,0.877065111758989,0.888532555879495,0.952964042759961,0.934492753623188,0.820224702358246,0.777528083324432,0.808988749980927,0.741573035717011,0.775280892848969,0.741573035717011,0.820224702358246
ChlorineConcentration,0.660842013888889,0.733949652777778,0.796137152777778,0.863611111111111,0.735225694444444,0.841006944444445,0.631137152777778,0.754861111111111,0.659114583333333,0.664956597222222,0.658246527777778,0.764756944444444,0.723064236111111,0.597951388888889,0.569215893745422,0.549467575550079,0.549854815006256,0.544046461582184,0.540174245834351,0.544046461582184,0.569215893745422
CinCECGTorso,0.953429951690821,0.993743961352657,0.864130434782608,0.832125603864734,0.977777777777778,0.767874396135266,0.937657004830918,0.984975845410628,0.942632850241546,0.829154589371981,0.91475845410628,0.94743961352657,0.958188405797101,0.802995169082126,0.722379624843597,0.695184135437012,0.67138808965683,0.722379624843597,0.685552418231964,0.719546735286713,0.677053809165955
Coffee,0.990476190476191,0.992857142857143,1,0.998809523809524,0.989285714285714,0.996428571428572,0.991666666666667,0.989285714285714,0.980952380952381,0.990476190476191,0.985714285714286,0.98452380952381,0.986904761904762,0.979761904761905,1,1,1,1,1,1,1
Computers,0.753866666666667,0.811066666666667,0.842933333333333,0.865866666666667,0.799066666666667,0.8604,0.714266666666667,0.778533333333333,0.82,0.7788,0.800533333333333,0.778933333333333,0.6488,0.780266666666667,0,#DIV/0!,,,,,
CricketX,0.83042735042735,0.816153846153846,0.838974358974359,0.853333333333333,0.792051282051282,0.808119658119658,0.80042735042735,0.775726495726496,0.784102564102564,0.764273504273504,0.762393162393163,0.706239316239316,0.692735042735043,0.608888888888889,0.367021262645721,0.329787224531174,0.367021262645721,0.335106372833252,0.287234038114548,0.319148927927017,0.34042552113533
CricketY,0.817008547008547,0.80982905982906,0.845042735042735,0.85982905982906,0.777948717948718,0.81017094017094,0.79982905982906,0.77957264957265,0.771367521367521,0.751282051282051,0.75042735042735,0.709145299145299,0.685897435897436,0.59051282051282,0.294117659330368,0.285561501979828,0.294117659330368,0.278074860572815,0.272727280855179,0.28877004981041,0.294117659330368
CricketZ,0.838205128205128,0.833931623931624,0.853247863247863,0.860940170940171,0.807179487179487,0.813247863247863,0.802820512820513,0.78991452991453,0.786752136752137,0.772478632478633,0.769316239316239,0.721623931623931,0.705897435897436,0.628205128205128,0.34042552113533,0.328723394870758,0.34042552113533,0.297872334718704,0.335106372833252,0.329787224531174,0.34042552113533
Crop,0.762101190476191,0.768162698412698,0.751684523809524,0.793255952380952,0.736700396825397,0.763801587301588,0.753109126984127,0.723825396825397,0.707785714285714,0.700888888888889,0.685688492063492,0.73,0.745593253968254,0.653140873015873,0,#DIV/0!,,,,,
DiatomSizeReduction,0.945860566448801,0.914270152505446,0.957952069716775,0.950871459694989,0.859259259259259,0.306209150326797,0.956753812636165,0.908061002178649,0.945424836601307,0.88355119825708,0.94520697167756,0.932135076252723,0.941721132897603,0.924727668845316,0.949367105960846,0.941772162914276,0.911392390727997,0.949367105960846,0.949367105960846,0.949367105960846,0.949367105960846
DistalPhalanxOutlineAgeGroup,0.828057553956834,0.823980815347722,0.811510791366906,0.765707434052758,0.796163069544365,0.776019184652278,0.802158273381295,0.792805755395683,0.821342925659473,0.805515587529976,0.820623501199041,0.821582733812949,0.809352517985612,0.782973621103118,0.764705896377564,0.744537830352783,0.747899174690247,0.756302535533905,0.764705896377564,0.689075648784637,0.764705896377564
DistalPhalanxOutlineCorrect,0.819323671497585,0.823550724637681,0.8243961352657,0.815338164251208,0.827294685990338,0.809178743961352,0.823429951690821,0.819202898550724,0.810990338164251,0.780193236714976,0.81171497584541,0.811231884057971,0.805797101449275,0.81207729468599,1,1,1,1,1,1,1
DistalPhalanxTW,0.691846522781775,0.696163069544364,0.701199040767386,0.665467625899281,0.689928057553957,0.667146282973621,0.692086330935252,0.678657074340528,0.669544364508393,0.673141486810552,0.671462829736211,0.694484412470024,0.691127098321343,0.6810551558753,0.483870953321457,0.422580641508102,0.483870953321457,0.451612889766693,0.467741936445236,0.306451618671417,0.403225809335709
Earthquakes,0.748201438848921,0.747482014388489,0.748441247002398,0.731175059952038,0.741966426858513,0.717026378896882,0.749640287769784,0.747482014388489,0.747482014388489,0.747482014388489,0.746043165467626,0.748201438848921,0.747482014388489,0.73884892086331,1,1,1,1,1,1,1
ECG200,0.855,0.858666666666667,0.899,0.896666666666667,0.839,0.883666666666667,0.873,0.859,0.871666666666667,0.829666666666667,0.878333333333334,0.851,0.86,0.788666666666667,1,1,1,1,1,1,1
ECG5000,0.948459259259259,0.945622222222222,0.947385185185185,0.942118518518518,0.941777777777778,0.937022222222222,0.939511111111111,0.945881481481481,0.940696296296296,0.943214814814815,0.940059259259259,0.936688888888889,0.943377777777778,0.936237037037037,0.91928631067276,0.91028037071228,0.906542062759399,0.904842793941498,0.91928631067276,0.902293980121612,0.918436706066132
ECGFiveDays,0.994425087108014,0.993766937669377,0.995973674022455,0.995857530003872,0.977893921796361,0.951025938830817,0.88281068524971,0.993534649632211,0.992218350754936,0.983933410762679,0.992295780100658,0.972861014324429,0.951955090979481,0.815873015873016,0.949771702289581,0.914155244827271,0.894977152347565,0.913241982460022,0.885844767093658,0.926940619945526,0.949771702289581
ElectricDevices,0.865041283015605,0.87970864133489,0.893156961915878,0.890169887174167,0.88177495352959,0.888380236026456,0.842441533739679,0.871698439458782,0.805969826654563,0.813145722560844,0.797384688540181,0.824030605628323,0.793061859680975,0.87214369083128,0,#DIV/0!,,,,,
EOGHorizontalSignal,0.853683241252302,0.795672191528545,0.813812154696132,0.883517495395948,0.759852670349908,0.864732965009208,0.824401473296501,0.747329650092081,0.70828729281768,0.720441988950276,0.706721915285451,0.624861878453039,0.705985267034991,0.673020257826888,0.309278339147568,0.268041229248047,0.237113401293755,0.309278339147568,0.247422680258751,0.257731944322586,0.288659781217575
EOGVerticalSignal,0.809484346224678,0.762983425414365,0.781123388581952,0.814732965009208,0.71316758747698,0.751749539594844,0.777624309392265,0.697513812154696,0.683057090239411,0.668692449355433,0.660313075506446,0.603499079189687,0.67255985267035,0.614917127071823,0.278350502252579,0.228865972161293,0.175257727503777,0.278350502252579,0.185567006468773,0.257731944322586,0.247422680258751
EthanolLevel,0.6056,0.849,0.625266666666667,0.875133333333334,0.855733333333333,0.852533333333333,0.324066666666667,0.705066666666667,0.5056,0.490733333333333,0.508733333333333,0.661066666666667,0.669266666666667,0.3974,0.255033552646637,0.24026845395565,0.248322144150734,0.214765101671219,0.234899327158928,0.248322144150734,0.255033552646637
FaceAll,0.982721893491124,0.979723865877712,0.988007889546351,0.983195266272189,0.953688362919132,0.981854043392505,0.977061143984221,0.973116370808679,0.975069033530572,0.969033530571992,0.970098619329388,0.964852071005917,0.949960552268245,0.810848126232742,0.415607988834381,0.387658804655075,0.386569887399674,0.39019963145256,0.366606175899506,0.415607988834381,0.379310339689255
FaceFour,0.999621212121212,0.97310606060606,0.931439393939394,0.938636363636364,0.656439393939394,0.925,0.945454545454546,0.981060606060606,0.981818181818182,0.996969696969697,0.995454545454545,0.876893939393939,0.906818181818182,0.679545454545455,0.740740716457367,0.666666662693024,0.703703701496124,0.629629611968994,0.703703701496124,0.555555582046509,0.740740716457367
FacesUCR,0.972926829268293,0.961349593495935,0.971284552845529,0.976959349593496,0.91009756097561,0.964260162601626,0.95609756097561,0.956195121951219,0.956959349593496,0.952471544715447,0.95130081300813,0.891951219512195,0.903983739837398,0.708682926829269,0.566546738147736,0.530935251712799,0.566546738147736,0.507194221019745,0.539568364620209,0.514388501644135,0.526978433132172
FiftyWords,0.842710622710623,0.771648351648352,0.825054945054946,0.826739926739927,0.736556776556777,0.723956043956044,0.825934065934066,0.776996336996337,0.765054945054945,0.717875457875458,0.705860805860806,0.666593406593407,0.721684981684982,0.597802197802198,0.493212670087814,0.460633486509323,0.457013577222824,0.493212670087814,0.493212670087814,0.434389144182205,0.425339370965958
Fish,0.981523809523809,0.979428571428571,0.974095238095238,0.972761904761905,0.949904761904762,0.969904761904762,0.933904761904762,0.950857142857143,0.971238095238095,0.97447619047619,0.969714285714286,0.859047619047619,0.83047619047619,0.772571428571429,0.658536612987518,0.600000011920929,0.597561001777649,0.573170721530914,0.573170721530914,0.658536612987518,0.597561001777649
FordA,0.94739898989899,0.944116161616162,0.942449494949495,0.959040404040404,0.934242424242424,0.931515151515151,0.850025252525252,0.968686868686869,0.907575757575758,0.915732323232323,0.921363636363637,0.940025252525252,0.815757575757576,0.909191919191919,1,1,1,1,1,1,1
FreezerRegularTrain,0.998491228070176,0.999087719298246,0.994374269005848,0.995742690058479,0.999251461988304,0.996736842105264,0.942350877192982,0.990608187134503,0.976105263157895,0.993929824561404,0.988058479532164,0.95225730994152,0.997076023391813,0.998187134502924,0.995901644229889,0.991803276538849,0.995901644229889,0.990437150001526,0.987704932689667,0.990437150001526,0.994535505771637
FreezerSmallTrain,0.995461988304094,0.983660818713451,0.987204678362573,0.948830409356725,0.988561403508772,0.949473684210526,0.823380116959064,0.900573099415205,0.947602339181286,0.966818713450292,0.961637426900585,0.87872514619883,0.961438596491228,0.959766081871345,0.998603343963623,0.99441339969635,0.997206687927246,0.994413435459137,0.995810031890869,0.986033499240875,0.998603343963623
GunPoint,1,0.998222222222222,0.992,0.995111111111111,0.986444444444444,0.990888888888889,0.991333333333333,0.993111111111111,0.996666666666667,0.999777777777778,0.996444444444444,0.980888888888889,0.955333333333333,0.943111111111111,0.952380955219269,0.9,0.904761910438538,0.857142865657806,0.952380955219269,0.904761910438538,0.88095235824585
GunPointAgeSpan,0.99957805907173,0.996624472573839,0.993459915611814,0.984071729957806,0.966033755274262,0.994409282700422,0.996940928270042,0.981329113924051,0.995358649789029,0.998628691983122,0.994936708860759,0.986286919831224,0.977742616033755,0.943881856540085,0.9375,0.910416662693024,0.90625,0.875,0.895833313465118,0.9375,0.9375
GunPointMaleVersusFemale,0.999367088607595,0.999894514767932,0.999894514767932,0.99831223628692,0.986497890295358,0.990084388185654,0.999367088607595,0.993881856540084,0.99957805907173,0.99915611814346,0.99957805907173,0.991139240506329,0.995991561181434,0.993459915611814,0.947368443012238,0.915789484977722,0.905263185501099,0.926315784454346,0.947368443012238,0.89473682641983,0.905263185501099
GunPointOldVersusYoung,1,1,0.98962962962963,1,0.978306878306878,1,1,0.986031746031746,0.999153439153439,0.999153439153439,0.999153439153439,0.99978835978836,1,0.964232804232804,0.989690721035004,0.97113401889801,0.979381442070007,0.948453605175018,0.948453605175018,0.989690721035004,0.989690721035004
Ham,0.805079365079365,0.84,0.855238095238095,0.850476190476191,0.810793650793651,0.807301587301588,0.783492063492064,0.821269841269842,0.834920634920635,0.811428571428572,0.837460317460318,0.81968253968254,0.79936507936508,0.693968253968254,0.571428596973419,0.492857140302658,0.535714268684387,0.46428570151329,0.46428570151329,0.571428596973419,0.428571432828903
Haptics,0.523268398268398,0.539393939393939,0.534199134199134,0.537012987012987,0.541666666666667,0.496536796536796,0.458333333333333,0.449242424242424,0.492207792207792,0.480194805194805,0.467424242424242,0.478787878787879,0.465584415584416,0.458658008658009,0.351851850748062,0.311111110448837,0.351851850748062,0.314814805984497,0.268518507480621,0.287037044763565,0.333333343267441
Herring,0.597395833333333,0.611979166666667,0.625,0.625,0.6328125,0.596875,0.574479166666667,0.602083333333333,0.608333333333333,0.574479166666667,0.595833333333333,0.5984375,0.604166666666667,0.555729166666667,0.75,0.641666656732559,0.708333313465118,0.75,0.583333313465118,0.458333343267441,0.708333313465118
HouseTwenty,0.9703081232493,0.978711484593838,0.962745098039216,0.953221288515406,0.975070028011205,0.95546218487395,0.936974789915966,0.810644257703082,0.9296918767507,0.939775910364146,0.956022408963585,0.9296918767507,0.83781512605042,0.946218487394958,0.971428573131561,0.862857151031494,0.828571438789368,0.800000011920929,0.800000011920929,0.914285719394684,0.971428573131561
InlineSkate,0.571878787878788,0.515151515151515,0.437939393939394,0.534424242424242,0.439272727272727,0.410121212121212,0.561030303030303,0.674606060606061,0.514242424242424,0.503454545454545,0.505636363636363,0.390424242424242,0.372787878787879,0.472363636363636,0.559748411178589,0.495597487688065,0.50943398475647,0.490566045045853,0.427672952413559,0.490566045045853,0.559748411178589
InsectEPGRegularTrain,1,1,0.987014725568942,1,0.993440428380187,1,1,0.971753681392236,0.977376171352075,1,0.996787148594378,0.992904953145917,1,0.928781793842035,1,0.994520545005798,1,0.986301362514496,0.986301362514496,1,1
InsectEPGSmallTrain,1,1,0.934270414993307,1,0.88768406961178,0.396251673360107,1,0.90669344042838,0.975502008032129,0.990896921017403,0.984872824631861,0.972155287817939,0.995850066934404,0.837215528781794,1,0.996923077106476,1,0.984615385532379,1,1,1
InsectWingbeatSound,0.632222222222222,0.64026936026936,0.656683501683502,0.627356902356902,0.628552188552189,0.491380471380471,0.606902356902357,0.61949494949495,0.518686868686869,0.538989898989899,0.511835016835017,0.636363636363636,0.603451178451179,0.559225589225589,0.404021948575974,0.386837297677994,0.402193784713745,0.35283362865448,0.387568563222885,0.387568563222885,0.404021948575974
ItalyPowerDemand,0.962423064463881,0.958179462261095,0.961613216715257,0.960349854227405,0.953806284418529,0.957110463232912,0.956009070294784,0.946809199870424,0.868351149983803,0.926465824425008,0.870877874959507,0.944541626174279,0.959475218658892,0.877486232588273,0.7433962225914,0.711698126792908,0.7433962225914,0.683018863201141,0.73584908246994,0.690566062927246,0.705660402774811
LargeKitchenAppliances,0.860177777777778,0.920088888888889,0.930044444444444,0.952533333333334,0.929866666666667,0.953866666666667,0.810133333333333,0.792711111111111,0.836977777777778,0.836977777777778,0.835822222222222,0.735822222222222,0.636266666666667,0.886311111111111,0.553191483020783,0.48297872543335,0.446808516979218,0.489361703395844,0.5,0.425531923770904,0.553191483020783
Lightning2,0.768852459016393,0.773224043715847,0.776502732240437,0.816939890710382,0.658469945355191,0.800546448087432,0.848633879781421,0.627322404371585,0.808196721311475,0.797267759562842,0.819125683060109,0.681967213114754,0.76448087431694,0.744808743169399,1,1,1,1,1,1,1
Lightning7,0.793607305936073,0.757534246575342,0.797716894977169,0.820547945205479,0.74337899543379,0.810045662100457,0.792237442922374,0.712785388127854,0.681278538812785,0.720091324200913,0.671232876712329,0.697716894977169,0.720547945205479,0.646118721461187,0.689655184745789,0.648275864124298,0.586206912994385,0.689655184745789,0.689655184745789,0.620689630508423,0.655172407627106
Mallat,0.976702203269367,0.967192608386638,0.957171286425018,0.962601279317697,0.908031272210377,0.968969438521677,0.972011371712864,0.966439232409382,0.948457711442786,0.94090973702914,0.949793887704335,0.95407249466951,0.935721393034826,0.906112295664534,0.806343913078308,0.789649426937103,0.782971620559692,0.806343913078308,0.771285474300385,0.796327233314514,0.791318893432617
Meat,0.984444444444444,0.986111111111111,0.988888888888889,0.984444444444444,0.967777777777778,0.993888888888889,0.987222222222222,0.976666666666666,0.983888888888889,0.977222222222222,0.980555555555555,0.986666666666667,0.983888888888889,0.942777777777778,0.666666686534882,0.640000021457672,0.666666686534882,0.666666686534882,0.666666686534882,0.533333361148834,0.666666686534882
MedicalImages,0.799122807017544,0.740350877192983,0.805131578947368,0.796359649122807,0.709824561403509,0.792236842105263,0.771447368421052,0.708771929824561,0.716798245614035,0.689605263157895,0.715833333333333,0.66671052631579,0.746228070175439,0.756754385964912,0.513725519180298,0.49803923368454,0.505882382392883,0.482352942228317,0.47843137383461,0.513725519180298,0.509803950786591
MiddlePhalanxOutlineAgeGroup,0.694372294372294,0.697835497835498,0.710822510822511,0.594372294372294,0.667532467532468,0.596536796536797,0.658874458874459,0.66038961038961,0.659090909090909,0.677489177489177,0.656277056277056,0.69978354978355,0.659523809523809,0.688095238095238,0.736000001430512,0.70239999294281,0.712000012397766,0.736000001430512,0.695999979972839,0.703999996185303,0.663999974727631
MiddlePhalanxOutlineCorrect,0.805841924398626,0.812943871706759,0.834478808705613,0.834249713631157,0.831500572737686,0.823596792668958,0.82405498281787,0.828293241695304,0.806643757159221,0.772164948453609,0.80950744558992,0.805498281786942,0.799541809851089,0.772737686139748,1,1,1,1,1,1,1
MiddlePhalanxTW,0.573160173160173,0.583766233766234,0.58982683982684,0.527489177489177,0.578571428571429,0.531168831168831,0.549134199134199,0.554329004329004,0.541558441558442,0.567316017316017,0.532251082251082,0.585064935064935,0.568614718614718,0.557359307359307,0.432432442903519,0.340540540218353,0.364864856004715,0.432432442903519,0.256756752729416,0.351351350545883,0.297297298908234
MixedShapesRegularTrain,0.971381443298969,0.965924398625429,0.96566323024055,0.966378006872852,0.960233676975945,0.970075601374571,0.963807560137457,0.963285223367697,0.932068728522337,0.933924398625429,0.917910652920962,0.937704467353952,0.922996563573883,0.921470790378007,0.916548788547516,0.903818953037262,0.892503559589386,0.909476637840271,0.899575650691986,0.916548788547516,0.900990128517151
MixedShapesSmallTrain,0.947257731958763,0.944687285223368,0.930680412371134,0.913333333333333,0.936810996563574,0.916247422680412,0.92805498281787,0.92446735395189,0.929773195876289,0.893127147766323,0.871697594501718,0.898281786941581,0.840151202749141,0.875161512027491,0.921850085258484,0.903987240791321,0.921850085258484,0.89792662858963,0.90430623292923,0.90111643075943,0.89473682641983
MoteStrain,0.930111821086262,0.936501597444089,0.905484558040468,0.880564430244941,0.908892438764643,0.903115015974441,0.914962726304579,0.904765708200213,0.850985090521832,0.896698615548456,0.84419595314164,0.878035143769968,0.855457933972311,0.848482428115016,0.898734152317047,0.881012654304504,0.819620251655579,0.895569622516632,0.895569622516632,0.898734152317047,0.895569622516632
OliveOil,0.916666666666666,0.883333333333333,0.902222222222222,0.874444444444444,0.878888888888888,0.862222222222222,0.878888888888889,0.913333333333333,0.874444444444444,0.874444444444444,0.875555555555556,0.893333333333333,0.893333333333333,0.745555555555556,0.5,0.275,0.5,0,0.25,0.25,0.375
OSULeaf,0.973553719008265,0.974793388429752,0.938705234159779,0.952479338842975,0.95633608815427,0.97465564738292,0.858539944903581,0.851790633608815,0.976859504132231,0.960055096418733,0.969146005509642,0.654269972451791,0.643250688705234,0.724242424242424,0.640776693820953,0.559223294258118,0.54368931055069,0.524271845817566,0.563106775283814,0.524271845817566,0.640776693820953
PhalangesOutlinesCorrect,0.825330225330225,0.826495726495727,0.844716394716395,0.861344211344211,0.833682983682984,0.847668997668998,0.829098679098679,0.821717171717172,0.818881118881119,0.779176379176379,0.817365967365967,0.812509712509712,0.805710955710955,0.791919191919192,1,1,1,1,1,1,1
Phoneme,0.369848804500703,0.371167369901547,0.27514064697609,0.334440928270042,0.356522503516174,0.345675105485232,0.320411392405063,0.259476090014065,0.279588607594937,0.27260900140647,0.254606188466948,0.34662447257384,0.193653305203938,0.300158227848101,0.166982918977737,0.15977229475975,0.166982918977737,0.166982918977737,0.157495260238647,0.1555977165699,0.151802659034729
PigAirwayPressure,0.960096153846154,0.957692307692308,0.195512820512821,0.922115384615385,0.977403846153846,0.437019230769231,0.275480769230769,0.537820512820513,0.957371794871795,0.950961538461539,0.941826923076923,0.182532051282051,0.280128205128205,0.276923076923077,0.115384615957737,0.089743591845036,0.102564103901386,0.076923079788685,0.076923079788685,0.076923079788685,0.115384615957737
PigArtPressure,0.968910256410256,0.966826923076923,0.90849358974359,0.933333333333333,0.945673076923077,0.953685897435897,0.715705128205128,0.937820512820513,0.975,0.962179487179487,0.967628205128205,0.794551282051282,0.307211538461538,0.823557692307692,0.358974367380142,0.333333343267441,0.358974367380142,0.333333343267441,0.32051283121109,0.32051283121109,0.333333343267441
PigCVP,0.961378205128205,0.953044871794872,0.881730769230769,0.905288461538461,0.899679487179487,0.45400641025641,0.500480769230769,0.897916666666667,0.95801282051282,0.952884615384615,0.959455128205128,0.682532051282051,0.178205128205128,0.476121794871795,0.128205135464668,0.097435900568962,0.089743591845036,0.089743591845036,0.128205135464668,0.064102567732334,0.115384615957737
Plane,1,1,1,0.996825396825397,0.999047619047619,1,1,0.994920634920635,0.997777777777778,1,0.998095238095238,0.996507936507937,0.995873015873016,0.988253968253968,0.5625,0.504166656732559,0.520833313465118,0.479166656732559,0.5625,0.4375,0.520833313465118
PowerCons,0.979444444444444,0.992407407407407,0.956111111111111,0.986296296296296,0.940555555555555,0.886111111111111,0.987407407407407,0.919444444444444,0.897037037037037,0.897592592592593,0.89,0.957962962962963,0.993148148148148,0.886296296296296,0,#DIV/0!,,,,,
ProximalPhalanxOutlineAgeGroup,0.846341463414634,0.855934959349594,0.852357723577236,0.822113821138212,0.845528455284553,0.81739837398374,0.840162601626016,0.844878048780488,0.832520325203252,0.849756097560976,0.828455284552846,0.857235772357724,0.845040650406504,0.858373983739837,0.801470577716827,0.751470577716827,0.757352948188782,0.742647051811218,0.720588207244873,0.801470577716827,0.735294103622437
ProximalPhalanxOutlineCorrect,0.875486827033219,0.885223367697595,0.899312714776633,0.906300114547537,0.895303550973654,0.90561282932417,0.865864833906071,0.876288659793815,0.866208476517755,0.864604810996564,0.865521191294388,0.873654066437572,0.848911798396335,0.833676975945017,1,1,1,1,1,1,1
ProximalPhalanxTW,0.811056910569106,0.81609756097561,0.803577235772358,0.781626016260163,0.807642276422764,0.789430894308943,0.790731707317073,0.801463414634147,0.774634146341464,0.794634146341464,0.768617886178862,0.813170731707317,0.801626016260163,0.786341463414634,0.567567586898804,0.513513511419296,0.527027010917664,0.567567586898804,0.5,0.540540516376495,0.432432442903519
RefrigerationDevices,0.726844444444445,0.790933333333333,0.729955555555556,0.758933333333333,0.777155555555556,0.786844444444445,0.672355555555555,0.739733333333333,0.7784,0.762933333333333,0.782844444444445,0.651822222222222,0.611644444444445,0.7088,0.574468076229095,0.525531911849976,0.478723406791687,0.53191488981247,0.574468076229095,0.510638296604157,0.53191488981247
Rock,0.832,0.855333333333333,0.804666666666667,0.628,0.867333333333333,0.416,0.774666666666667,0.854666666666667,0.826,0.801333333333333,0.802666666666667,0.782,0.76,0.705333333333333,0,#DIV/0!,,,,,
ScreenType,0.594222222222222,0.724177777777777,0.608977777777778,0.706044444444445,0.717866666666667,0.755288888888889,0.572,0.595911111111111,0.588977777777778,0.577066666666667,0.5848,0.605866666666667,0.471822222222222,0.600711111111111,0.478723406791687,0.429787236452103,0.393617033958435,0.361702114343643,0.478723406791687,0.457446813583374,0.457446813583374
SemgHandGenderCh2,0.938888888888889,0.969166666666667,0.923111111111111,0.884666666666667,0.932277777777778,0.808888888888889,0.963111111111111,0.781444444444445,0.885166666666667,0.879111111111111,0.887666666666667,0.87,0.947388888888889,0.870611111111111,0.851063847541809,0.830851066112518,0.813829779624939,0.824468076229095,0.851063847541809,0.829787254333496,0.835106372833252
SemgHandMovementCh2,0.884962962962963,0.888962962962963,0.652592592592592,0.551555555555556,0.788296296296296,0.420962962962963,0.890888888888889,0.460296296296296,0.681777777777778,0.692148148148148,0.664888888888889,0.724,0.864148148148148,0.682518518518519,0.469026535749435,0.426548671722412,0.38053098320961,0.424778759479523,0.43362832069397,0.424778759479523,0.469026535749435
SemgHandSubjectCh2,0.933111111111111,0.950592592592593,0.911851851851852,0.762888888888889,0.913333333333333,0.554740740740741,0.938074074074074,0.793481481481482,0.842740740740741,0.845407407407407,0.835111111111111,0.824148148148148,0.916,0.848740740740741,0.690265476703644,0.646017694473267,0.584070801734924,0.663716793060303,0.628318607807159,0.663716793060303,0.690265476703644
ShapeletSim,1,1,0.998148148148148,0.923518518518518,0.99962962962963,0.727222222222222,0.789259259259259,0.997407407407408,1,0.985185185185185,1,0.767592592592593,0.513703703703704,0.993703703703704,1,1,1,1,1,1,1
ShapesAll,0.941055555555555,0.931277777777778,0.923222222222222,0.938055555555555,0.865333333333333,0.933055555555556,0.890055555555556,0.916,0.920444444444444,0.904055555555556,0.9085,0.850055555555555,0.804277777777778,0.829333333333333,0.5,0.416000002622604,0.426666676998138,0.406666666269302,0.360000014305115,0.5,0.386666655540466
SmallKitchenAppliances,0.837955555555556,0.828266666666667,0.818311111111111,0.770755555555556,0.8128,0.796622222222222,0.738133333333333,0.805244444444444,0.790933333333333,0.773777777777778,0.747111111111111,0.805955555555556,0.788177777777778,0.816977777777778,0.670212745666504,0.651063811779022,0.670212745666504,0.670212745666504,0.648936152458191,0.670212745666504,0.595744669437408
SmoothSubspace,0.997333333333333,0.986222222222222,0.974888888888889,0.984666666666667,0.935777777777778,0.992888888888889,0.998,0.855333333333333,0.411777777777778,0.444,0.407333333333333,0.848444444444444,0.987333333333334,0.855333333333333,0.552631556987762,0.473684203624725,0.552631556987762,0.447368413209915,0.552631556987762,0.421052634716034,0.394736856222153
SonyAIBORobotSurface1,0.889739323349972,0.826344980587909,0.958069883527454,0.954187465335552,0.800942872989462,0.960399334442596,0.920133111480865,0.909262340543538,0.895341098169717,0.622850804215197,0.897670549084858,0.86699944536883,0.863727121464226,0.883361064891847,0.805194795131683,0.781818163394928,0.805194795131683,0.75324672460556,0.772727251052856,0.785714268684387,0.792207777500153
SonyAIBORobotSurface2,0.901084295208115,0.936656173487233,0.93504721930745,0.951276670164393,0.936970968870234,0.968870234347674,0.899020636586219,0.935292060160895,0.884260230849947,0.875795732773697,0.879363413781042,0.912486883525708,0.874326687653026,0.902343476740119,0.772727251052856,0.752066111564636,0.747933864593506,0.772727251052856,0.760330557823181,0.727272748947144,0.752066135406494
StarLightCurves,0.981127570017808,0.979557228428039,0.980994010037235,0.978128541363121,0.978606119475474,0.972029302250283,0.979569370244455,0.980431439209973,0.952096486967784,0.977752145054233,0.976578436134046,0.974380767362797,0.970426582483406,0.970175651610814,0.963298618793488,0.956411421298981,0.956048905849457,0.963298618793488,0.960126876831055,0.953330338001251,0.949252367019653
Strawberry,0.973963963963964,0.975135135135135,0.978738738738739,0.975495495495495,0.971711711711711,0.974864864864865,0.96045045045045,0.978558558558558,0.966036036036036,0.972162162162162,0.97045045045045,0.972972972972973,0.967477477477477,0.922882882882883,0.802955687046051,0.771428561210632,0.75862067937851,0.75862067937851,0.748768448829651,0.802955687046051,0.788177311420441
SwedishLeaf,0.96192,0.94944,0.9632,0.96976,0.933973333333333,0.95856,0.953066666666667,0.9576,0.92544,0.91056,0.92016,0.922933333333333,0.897866666666667,0.88048,0.602189779281616,0.549635028839111,0.547445237636566,0.602189779281616,0.532846689224243,0.536496341228485,0.529197096824646
Symbols,0.970820770519263,0.968509212730318,0.96857621440536,0.969581239530988,0.901407035175879,0.946700167504188,0.967035175879397,0.95323283082077,0.964154103852596,0.96251256281407,0.963182579564489,0.912730318257956,0.877889447236181,0.948006700167504,0.960784316062927,0.94588235616684,0.945098042488098,0.933333337306976,0.937254905700684,0.960784316062927,0.952941179275513
SyntheticControl,0.999,0.994222222222222,0.997777777777777,0.995777777777778,0.991888888888889,0.994444444444444,0.998333333333333,0.987,0.964888888888889,0.951111111111111,0.966555555555556,0.677888888888889,0.991555555555555,0.967,0.680000007152557,0.63199999332428,0.666666686534882,0.573333323001862,0.586666643619537,0.680000007152557,0.653333306312561
ToeSegmentation1,0.959795321637426,0.959649122807017,0.932894736842106,0.953070175438596,0.953362573099415,0.954239766081871,0.835526315789474,0.942982456140351,0.920321637426901,0.951754385964912,0.92485380116959,0.880409356725146,0.667105263157895,0.812719298245614,1,1,1,1,1,1,1
ToeSegmentation2,0.962564102564102,0.968205128205128,0.932564102564102,0.963589743589743,0.945128205128205,0.953076923076923,0.885897435897436,0.928461538461538,0.963076923076923,0.964871794871794,0.961538461538461,0.911794871794872,0.802564102564103,0.835128205128205,1,1,1,1,1,1,1
Trace,1,1,1,1,1,1,1,1,1,1,1,0.983,0.992,0.999666666666667,0.977777779102325,0.937777781486511,0.977777779102325,0.844444453716278,0.977777779102325,0.933333337306976,0.955555558204651
TwoLeadECG,0.990079016681299,0.996283289435177,0.998536728124085,0.994820017559263,0.999122036874451,0.999443956687152,0.981796897863623,0.997541703248463,0.985601404741001,0.993766461808604,0.984723441615452,0.910740415569213,0.870646766169154,0.853906935908692,0.96875,0.961111116409302,0.961805582046509,0.958333313465118,0.961805582046509,0.954861104488373,0.96875
TwoPatterns,0.999991666666667,0.999483333333333,1,1,0.990258333333333,0.999775,0.999991666666667,0.9814,0.99575,0.99205,0.991691666666667,0.438966666666667,0.993825,0.848558333333333,0.708263039588928,0.664924108982086,0.655143320560455,0.666947722434998,0.663575053215027,0.708263039588928,0.630691409111023
UMD,0.983333333333333,0.967361111111111,0.98287037037037,0.979861111111111,0.936805555555556,0.952546296296297,0.954398148148149,0.932175925925926,0.93912037037037,0.921759259259259,0.966435185185185,0.541203703703704,0.833333333333333,0.869444444444444,0.952380955219269,0.890476191043854,0.904761910438538,0.952380955219269,0.857142865657806,0.857142865657806,0.88095235824585
UWaveGestureLibraryAll,0.97074260189838,0.966620137725665,0.977265959426764,0.951191140889633,0.957965754699423,0.868993113716732,0.973059743160246,0.957761027359017,0.947710776102736,0.944853899125256,0.944853899125256,0.917373906569887,0.962367392518146,0.826391215335939,0.754337906837463,0.738447487354279,0.754337906837463,0.736073076725006,0.73698627948761,0.734246551990509,0.730593621730804
UWaveGestureLibraryX,0.84678019728271,0.833454308579937,0.8571282337614,0.833538060673739,0.820165643029965,0.790396426577331,0.831397729387679,0.817606551274893,0.788172343197469,0.774055462497674,0.752587009119672,0.633947515354551,0.7999906942118,0.768546435883119,0.744292259216309,0.734977161884308,0.744292259216309,0.719634711742401,0.739726006984711,0.742465734481812,0.728767096996307
UWaveGestureLibraryY,0.788023450586265,0.754680811464731,0.783631118555742,0.770761213474781,0.744919039642658,0.675851479620324,0.767215708170482,0.725823562255723,0.714824120603015,0.694369998138842,0.66212544202494,0.66822073329611,0.721877908058813,0.704383026242323,0.673972606658935,0.65844749212265,0.671232879161835,0.652968049049377,0.673972606658935,0.638356149196625,0.655707776546478
UWaveGestureLibraryZ,0.791178112786153,0.775144239717104,0.795831006886283,0.77321794155965,0.772473478503629,0.751386562441839,0.767383212358087,0.754820398287735,0.736376326074818,0.710580681183696,0.695495998511074,0.663521310254979,0.733407779638935,0.706374464917179,0.72054797410965,0.705936086177826,0.704109609127045,0.690410971641541,0.72054797410965,0.705936074256897,0.708675801753998
Wafer,0.998923858966039,0.999859398658879,0.998648064027688,0.998626433052131,0.999978369024443,0.998880597014925,0.996144278606965,0.999913476097772,0.999042829331603,0.998929266709928,0.998907635734371,0.995354747999135,0.996593121349773,0.997252866104261,1,1,1,1,1,1,1
Wine,0.898148148148148,0.891975308641976,0.914197530864197,0.887037037037037,0.885802469135802,0.856172839506173,0.856172839506173,0.930246913580247,0.893827160493827,0.877777777777778,0.892592592592592,0.870987654320988,0.862345679012346,0.7,0.533333361148834,0.400000011920929,0.400000005960465,0.400000005960465,0.266666680574417,0.533333361148834,0.400000005960465
WordSynonyms,0.79367816091954,0.693155694879833,0.764420062695925,0.75208986415883,0.623040752351097,0.613322884012539,0.77816091954023,0.712748171368861,0.737565308254963,0.667816091954023,0.65841170323929,0.591640543364681,0.647910135841171,0.543991640543365,0.545045018196106,0.499999994039536,0.486486494541168,0.504504501819611,0.432432442903519,0.531531512737274,0.545045018196106
Worms,0.768398268398268,0.716450216450216,0.720346320346321,0.780952380952381,0.733333333333333,0.758874458874459,0.693073593073593,0.778354978354978,0.717316017316017,0.662337662337662,0.725541125541125,0.686580086580087,0.612121212121212,0.725108225108225,0.473684221506119,0.428070175647736,0.438596487045288,0.438596487045288,0.473684221506119,0.40350878238678,0.385964900255203
WormsTwoClass,0.786147186147186,0.789610389610389,0.78961038961039,0.802597402597402,0.785281385281385,0.767965367965368,0.769264069264069,0.800432900432901,0.807792207792208,0.790909090909091,0.807792207792208,0.785281385281385,0.693506493506493,0.792207792207792,0.666666686534882,0.603703701496124,0.5,0.648148119449616,0.666666686534882,0.57407408952713,0.629629611968994
Yoga,0.872633333333333,0.912433333333333,0.913844444444444,0.912411111111111,0.879988888888889,0.877211111111111,0.887444444444444,0.892377777777778,0.915055555555555,0.912122222222222,0.910155555555555,0.8372,0.8658,0.803822222222222,0.842439651489258,0.824396443367004,0.817026674747467,0.824650585651398,0.806861519813538,0.842439651489258,0.831003785133362
,,,,,,,,,,,,,,,,,,,,,
,,,,,,,,,,,,,,,73.5982487723231,,,,,,
